GBCODE,W1,W2
110100,0.8736,0.1264
110112,0.6115,0.3885
110113,0.5378,0.4622
110221,0.524559741,0.475440259
110224,0.524559741,0.475440259
110226,0.524559741,0.475440259
110227,0.524559741,0.475440259
110228,0.5505,0.4495
110229,0.4864,0.5136
120100,0.8622,0.1378
120221,0.3662,0.6338
120222,0.38726886,0.61273114
120223,0.4529,0.5471
120224,0.38726886,0.61273114
120225,0.3443,0.6557
130101,0.506221991,0.493778009
130121,0.2963,0.7037
130123,0.4462,0.5538
130124,0.4196,0.5804
130125,0.2041,0.7959
130126,0.2678,0.7322
130127,0.2521,0.7479
130128,0.2885,0.7115
130129,0.2052,0.7948
130130,0.2443,0.7557
130131,0.3035,0.6965
130132,0.2405,0.7595
130133,0.3073,0.6927
130181,0.3842,0.6158
130182,0.3692,0.6308
130183,0.2981,0.7019
130184,0.3988,0.6012
130185,0.4056,0.5944
130201,0.508225963,0.491774037
130221,0.508225963,0.491774037
130223,0.3756,0.6244
130224,0.339,0.661
130225,0.2939,0.7061
130227,0.4104,0.5896
130229,0.4146,0.5854
130230,0.5901,0.4099
130281,0.4067,0.5933
130282,0.406722559,0.593277441
130283,0.4241,0.5759
130301,0.475125393,0.524874607
130321,0.2308,0.7692
130322,0.2696,0.7304
130323,0.2334,0.7666
130324,0.17,0.83
130401,0.434422203,0.565577797
130421,0.5495,0.4505
130423,0.3232,0.6768
130424,0.366,0.634
130425,0.2861,0.7139
130426,0.4282,0.5718
130427,0.3751,0.6249
130428,0.2339,0.7661
130429,0.3091,0.6909
130430,0.3613,0.6387
130431,0.2792,0.7208
130432,0.2787,0.7213
130433,0.3709,0.6291
130434,0.375,0.625
130481,0.3579,0.6421
130485,0.357937729,0.642062271
130501,0.400161006,0.599838994
130521,0.3878,0.6122
130522,0.3107,0.6893
130523,0.3166,0.6834
130524,0.2811,0.7189
130525,0.3409,0.6591
130526,0.3224,0.6776
130527,0.3241,0.6759
130528,0.3377,0.6623
130529,0.3399,0.6601
130530,0.3073,0.6927
130531,0.2079,0.7921
130532,0.3123,0.6877
130533,0.2201,0.7799
130534,0.4369,0.5631
130535,0.3467,0.6533
130581,0.4014,0.5986
130582,0.4393,0.5607
130601,0.387724753,0.612275247
130621,0.343,0.657
130622,0.3477,0.6523
130623,0.2949,0.7051
130624,0.1964,0.8036
130625,0.3442,0.6558
130626,0.2338,0.7662
130627,0.2328,0.7672
130628,0.2911,0.7089
130629,0.3836,0.6164
130630,0.2977,0.7023
130631,0.2979,0.7021
130632,0.3828,0.6172
130633,0.2348,0.7652
130634,0.2111,0.7889
130635,0.3248,0.6752
130636,0.2169,0.7831
130637,0.3036,0.6964
130638,0.3871,0.6129
130681,0.4316,0.5684
130682,0.4138,0.5862
130683,0.366,0.634
130684,0.4293,0.5707
130701,0.451606668,0.548393332
130721,0.2989,0.7011
130722,0.3238,0.6762
130723,0.2537,0.7463
130724,0.2209,0.7791
130725,0.2453,0.7547
130726,0.3249,0.6751
130727,0.3216,0.6784
130728,0.3579,0.6421
130729,0.4372,0.5628
130730,0.3884,0.6116
130731,0.2792,0.7208
130732,0.2629,0.7371
130733,0.3309,0.6691
130801,0.386704657,0.613295343
130821,0.2602,0.7398
130822,0.3043,0.6957
130823,0.3052,0.6948
130824,0.2773,0.7227
130825,0.2587,0.7413
130826,0.2783,0.7217
130827,0.3466,0.6534
130828,0.2544,0.7456
130901,0.4083,0.5917
130921,0.161,0.839
130922,0.4392,0.5608
130923,0.4147,0.5853
130924,0.3038,0.6962
130925,0.3529,0.6471
130926,0.377,0.623
130927,0.2581,0.7419
130928,0.3122,0.6878
130929,0.2437,0.7563
130930,0.424,0.576
130981,0.4419,0.5581
130982,0.5239,0.4761
130983,0.5414,0.4586
130984,0.3005,0.6995
131001,0.4853,0.5147
131022,0.4098,0.5902
131023,0.3279,0.6721
131024,0.5183,0.4817
131025,0.3587,0.6413
131026,0.4335,0.5665
131028,0.4281,0.5719
131081,0.4683,0.5317
131082,0.5934,0.4066
131100,0.3819,0.6181
131121,0.3326,0.6674
131122,0.2543,0.7457
131123,0.2387,0.7613
131124,0.2938,0.7062
131125,0.3491,0.6509
131126,0.3258,0.6742
131127,0.3458,0.6542
131128,0.2746,0.7254
131181,0.4568,0.5432
131182,0.3673,0.6327
140101,0.4805,0.5195
140121,0.2749,0.7251
140122,0.2982,0.7018
140123,0.3524,0.6476
140181,0.7125,0.2875
140201,0.5492,0.4508
140221,0.3146,0.6854
140222,0.3104,0.6896
140223,0.1811,0.8189
140224,0.2115,0.7885
140225,0.3082,0.6918
140226,0.4068,0.5932
140227,0.313,0.687
140301,0.6001,0.3999
140321,0.3102,0.6898
140322,0.3007,0.6993
140401,0.4184,0.5816
140421,0.2611,0.7389
140423,0.3798,0.6202
140424,0.2825,0.7175
140425,0.2067,0.7933
140426,0.3204,0.6796
140427,0.2022,0.7978
140428,0.2157,0.7843
140429,0.2532,0.7468
140430,0.3091,0.6909
140431,0.334,0.666
140481,0.4676,0.5324
140501,0.5104,0.4896
140521,0.3303,0.6697
140522,0.3806,0.6194
140524,0.3186,0.6814
140581,0.4402,0.5598
140601,0.4628,0.5372
140621,0.4334,0.5666
140622,0.2776,0.7224
140623,0.4569,0.5431
140624,0.5086,0.4914
140902,0.5138,0.4862
140981,0.4124,0.5876
140921,0.2973,0.7027
140922,0.254,0.746
140923,0.3527,0.6473
140924,0.357,0.643
140925,0.4075,0.5925
140926,0.2884,0.7116
140927,0.2886,0.7114
140928,0.3684,0.6316
140929,0.3915,0.6085
140930,0.4039,0.5961
140931,0.3157,0.6843
140932,0.3918,0.6082
141181,0.5722,0.4278
141102,0.7812,0.2188
141182,0.3585,0.6415
141121,0.2607,0.7393
141122,0.4478,0.5522
141123,0.2854,0.7146
141124,0.2061,0.7939
141125,0.3038,0.6962
141126,0.3475,0.6525
141127,0.2478,0.7522
141128,0.2511,0.7489
141129,0.5599,0.4401
141130,0.3229,0.6771
140701,0.4412,0.5588
140781,0.5714,0.4286
140721,0.296,0.704
140722,0.3633,0.6367
140723,0.3883,0.6117
140724,0.2622,0.7378
140725,0.2959,0.7041
140726,0.3882,0.6118
140727,0.3057,0.6943
140728,0.3423,0.6577
140729,0.4274,0.5726
141001,0.4078,0.5922
141081,0.5709,0.4291
141082,0.5544,0.4456
141021,0.3029,0.6971
141022,0.2885,0.7115
141023,0.308,0.692
141024,0.3282,0.6718
141025,0.3195,0.6805
141026,0.3188,0.6812
141027,0.293,0.707
141028,0.2548,0.7452
141029,0.2687,0.7313
141033,0.3806,0.6194
141030,0.3647,0.6353
141032,0.33,0.67
141031,0.3592,0.6408
141034,0.3532,0.6468
140801,0.3756,0.6244
140881,0.4026,0.5974
140882,0.4445,0.5555
140830,0.3839,0.6161
140821,0.3203,0.6797
140822,0.1982,0.8018
140825,0.331,0.669
140824,0.2885,0.7115
140823,0.3859,0.6141
140828,0.2232,0.7768
140826,0.4423,0.5577
140829,0.2242,0.7758
140827,0.3979,0.6021
150101,0.6247,0.3753
150121,0.2831,0.7169
150122,0.3609,0.6391
150123,0.3009,0.6991
150124,0.3675,0.6325
150125,0.4323,0.5677
150201,0.7949,0.2051
150221,0.3914,0.6086
150222,0.3077,0.6923
150223,0.4352,0.5648
150301,0.9433,0.0567
150401,0.4116,0.5884
150421,0.2918,0.7082
150422,0.2754,0.7246
150423,0.483,0.517
150424,0.495,0.505
150425,0.3708,0.6292
150426,0.2851,0.7149
150428,0.315,0.685
150429,0.2157,0.7843
150430,0.2169,0.7831
150702,0.9491,0.0509
150781,0.9958,0.0042
150701,0.6758,0.3242
150784,0.7184,0.2816
152122,0.2981,0.7019
150722,0.263,0.737
150723,0.6756,0.3244
150724,0.8125,0.1875
150727,0.6144,0.3856
150726,0.4889,0.5111
150725,0.6558,0.3442
152201,0.8451,0.1549
152221,0.1752,0.8248
152222,0.3889,0.6111
152223,0.3128,0.6872
152224,0.2667,0.7333
150501,0.4039,0.5961
150581,0.993,0.007
150521,0.2881,0.7119
150522,0.2835,0.7165
150523,0.2815,0.7185
150524,0.334,0.666
150525,0.2748,0.7252
150526,0.3311,0.6689
152501,0.9633,0.0367
152502,0.8719,0.1281
152522,0.4534,0.5466
152523,0.4899,0.5101
152524,0.7147,0.2853
152525,0.5746,0.4254
152526,0.5045,0.4955
152527,0.342,0.658
152528,0.6419,0.3581
152529,0.3857,0.6143
152530,0.4967,0.5033
152531,0.3866,0.6134
150902,0.8978,0.1022
150981,0.5041,0.4959
150921,0.3103,0.6897
150922,0.4529,0.5471
150923,0.3421,0.6579
150924,0.2426,0.7574
150925,0.2584,0.7416
150927,0.2153,0.7847
150928,0.3494,0.6506
150929,0.347,0.653
150602,0.8759,0.1241
150621,0.6343,0.3657
150622,0.5928,0.4072
150623,0.5609,0.4391
150624,0.8023,0.1977
150625,0.5311,0.4689
150626,0.5021,0.4979
150627,0.6357,0.3643
150802,0.6544,0.3456
150821,0.4581,0.5419
150822,0.4554,0.5446
150823,0.3631,0.6369
150824,0.4152,0.5848
150825,0.5634,0.4366
150826,0.3188,0.6812
152921,0.7449,0.2551
152922,0.6715,0.3285
152923,0.7985,0.2015
210101,0.7707,0.2293
210122,0.3622,0.6378
210123,0.2882,0.7118
210124,0.2308,0.7692
210181,0.2637,0.7363
210201,0.7442,0.2558
210224,0.4949,0.5051
210281,0.4393,0.5607
210282,0.4316,0.5684
210283,0.3616,0.6384
210301,0.6717,0.3283
210321,0.304,0.696
210323,0.3277,0.6723
210381,0.5311,0.4689
210401,0.7164,0.2836
210421,0.0873,0.9127
210422,0.3319,0.6681
210423,0.3941,0.6059
210501,0.7436,0.2564
210521,0.5357,0.4643
210522,0.3524,0.6476
210601,0.6034,0.3966
210624,0.3953,0.6047
210681,0.4637,0.5363
210682,0.4545,0.5455
210701,0.4786,0.5214
210726,0.3168,0.6832
210727,0.2362,0.7638
210781,0.2651,0.7349
210782,0.2468,0.7532
210801,0.5885,0.4115
210881,0.3159,0.6841
210882,0.4686,0.5314
210901,0.5248,0.4752
210921,0.1762,0.8238
210922,0.2399,0.7601
211001,0.559,0.441
211021,0.2457,0.7543
211081,0.3287,0.6713
211101,0.6596,0.3404
211121,0.4515,0.5485
211122,0.2121,0.7879
211201,0.4216,0.5784
211221,0.1811,0.8189
211223,0.2441,0.7559
211224,0.2109,0.7891
211281,0.8105,0.1895
211282,0.4443,0.5557
211301,0.3811,0.6189
211321,0.0953,0.9047
211322,0.3183,0.6817
211324,0.2957,0.7043
211381,0.3398,0.6602
211382,0.3511,0.6489
211401,0.4154,0.5846
211421,0.2897,0.7103
211422,0.1827,0.8173
211481,0.3264,0.6736
220101,0.5548,0.4452
220112,0.3433,0.6567
220122,0.1865,0.8135
220181,0.3251,0.6749
220182,0.2421,0.7579
220183,0.2512,0.7488
220201,0.5633,0.4367
220221,0.3504,0.6496
220281,0.451,0.549
220282,0.4351,0.5649
220284,0.4508,0.5492
220301,0.4157,0.5843
220322,0.3256,0.6744
220323,0.2622,0.7378
220381,0.3091,0.6909
220382,0.4295,0.5705
220401,0.5067,0.4933
220421,0.3634,0.6366
220422,0.2349,0.7651
220501,0.5326,0.4674
220521,0.4458,0.5542
220523,0.4809,0.5191
220524,0.3137,0.6863
220581,0.4361,0.5639
220582,0.4132,0.5868
220601,0.7483,0.2517
220621,0.7339,0.2661
220622,0.5555,0.4445
220623,0.5703,0.4297
220721,0.2829,0.7171
220722,0.3109,0.6891
220723,0.3702,0.6298
220724,0.229,0.771
220800,0.4839,0.5161
220821,0.4193,0.5807
220822,0.3724,0.6276
220881,0.3818,0.6182
220882,0.4694,0.5306
222401,0.898,0.102
222402,0.8132,0.1868
222403,0.6069,0.3931
222404,0.7211,0.2789
222405,0.6887,0.3113
222406,0.5927,0.4073
222424,0.6089,0.3911
222426,0.5528,0.4472
230101,0.6113,0.3887
230121,0.3751,0.6249
230123,0.3751,0.6249
230124,0.4518,0.5482
230125,0.2649,0.7351
230126,0.2437,0.7563
230127,0.27,0.73
230128,0.4843,0.5157
230129,0.3698,0.6302
230181,0.2966,0.7034
230182,0.2966,0.7034
230183,0.4607,0.5393
230184,0.2949,0.7051
230201,0.4409,0.5591
230221,0.2326,0.7674
230223,0.227,0.773
230224,0.3154,0.6846
230225,0.2786,0.7214
230227,0.3939,0.6061
230229,0.222,0.778
230230,0.2971,0.7029
230231,0.194,0.806
230281,0.3734,0.6266
230301,0.6568,0.3432
230321,0.3893,0.6107
230381,0.6072,0.3928
230382,0.4335,0.5665
230401,0.7659,0.2341
230421,0.6226,0.3774
230422,0.4187,0.5813
230501,0.6091,0.3909
230521,0.3816,0.6184
230522,0.595,0.405
230523,0.3724,0.6276
230524,0.5361,0.4639
230601,0.6359,0.3641
230621,0.3015,0.6985
230622,0.3528,0.6472
230623,0.3008,0.6992
230624,0.3663,0.6337
230701,0.84,0.16
230722,0.5136,0.4864
230781,0.6731,0.3269
230801,0.5311,0.4689
230822,0.2865,0.7135
230826,0.4226,0.5774
230828,0.4493,0.5507
230833,0.5875,0.4125
230881,0.5553,0.4447
230882,0.4923,0.5077
230901,0.6772,0.3228
230921,0.3996,0.6004
231001,0.5754,0.4246
231024,0.5601,0.4399
231025,0.3278,0.6722
231081,0.9701,0.0299
231083,0.5404,0.4596
231084,0.2937,0.7063
231085,0.3849,0.6151
231100,0.5258,0.4742
231121,0.5075,0.4925
231123,0.3518,0.6482
231124,0.4758,0.5242
231181,0.5693,0.4307
231182,0.4549,0.5451
231201,0.3322,0.6678
231281,0.4727,0.5273
231282,0.3971,0.6029
231283,0.2449,0.7551
231221,0.2434,0.7566
231222,0.2307,0.7693
231223,0.2686,0.7314
231224,0.2983,0.7017
231225,0.2838,0.7162
231226,0.3676,0.6324
232721,0.559,0.441
232722,0.8811,0.1189
232723,0.8549,0.1451
310100,0.906,0.094
310112,1,0
310114,0.8315,0.1685
310116,0.6176,0.3824
310117,0.8486,0.1514
310120,0.5875,0.4125
310118,0.7543,0.2457
310230,0.4794,0.5206
320101,0.7794,0.2206
320115,0.6413,0.3587
320111,0.6389,0.3611
320116,0.4941,0.5059
320124,0.4899,0.5101
320125,0.4888,0.5112
320201,0.7031,0.2969
320281,0.6355,0.3645
320282,0.575,0.425
320205,0.6395,0.3605
320301,0.5318,0.4682
320321,0.4055,0.5945
320322,0.4343,0.5657
320312,0.4414,0.5586
320324,0.4102,0.5898
320381,0.4368,0.5632
320382,0.4332,0.5668
320401,0.6317,0.3683
320481,0.4915,0.5085
320482,0.4985,0.5015
320412,0.5202,0.4798
320501,0.7007,0.2993
320581,0.6151,0.3849
320582,0.6117,0.3883
320583,0.6801,0.3199
320584,0.6137,0.3863
320585,0.6114,0.3886
320600,0.558,0.442
320601,0.558,0.442
320621,0.4905,0.5095
320623,0.4811,0.5189
320681,0.4928,0.5072
320682,0.4853,0.5147
320684,0.5,0.5
320701,0.5176,0.4824
320721,0.4354,0.5646
320722,0.4186,0.5814
320723,0.3919,0.6081
320724,0.3912,0.6088
320801,0.5079,0.4921
320804,0.4215,0.5785
320826,0.3915,0.6085
320829,0.4483,0.5517
320830,0.4382,0.5618
320831,0.4462,0.5538
320903,0.5368,0.4632
320921,0.4419,0.5581
320922,0.4337,0.5663
320923,0.4485,0.5515
320924,0.4737,0.5263
320925,0.4786,0.5214
320981,0.4946,0.5054
320982,0.4916,0.5084
321001,0.5675,0.4325
321023,0.4434,0.5566
321003,0.5339,0.4661
321081,0.4822,0.5178
321084,0.458,0.542
321088,0.5035,0.4965
321101,0.6197,0.3803
321112,0.4845,0.5155
321181,0.5211,0.4789
321182,0.5367,0.4633
321183,0.4841,0.5159
321200,0.5564,0.4436
321281,0.4589,0.5411
321282,0.5671,0.4329
321283,0.515,0.485
321284,0.517,0.483
321300,0.4829,0.5171
321322,0.4742,0.5258
321323,0.4667,0.5333
321324,0.4143,0.5857
330101,0.7325,0.2675
330122,0.5632,0.4368
330127,0.3286,0.6714
330109,0.6631,0.3369
330182,0.426,0.574
330183,0.5799,0.4201
330110,0.609,0.391
330185,0.4787,0.5213
330211,0.5712,0.4288
330225,0.5487,0.4513
330226,0.562,0.438
330411,0.494,0.506
330281,0.6658,0.3342
330282,0.7248,0.2752
330283,0.4881,0.5119
330301,0.6602,0.3398
330304,0.8657,0.1343
330322,0.447,0.553
330324,0.5598,0.4402
330326,0.4925,0.5075
330327,0.5472,0.4528
330328,0.3956,0.6044
330329,0.4012,0.5988
330381,0.6509,0.3491
330382,0.5225,0.4775
330401,0.5333,0.4667
330421,0.5026,0.4974
330424,0.4744,0.5256
330481,0.4928,0.5072
330482,0.5163,0.4837
330483,0.4908,0.5092
330501,0.5289,0.4711
330521,0.5003,0.4997
330522,0.4897,0.5103
330523,0.4749,0.5251
330601,0.5858,0.4142
330621,0.6703,0.3297
330624,0.5245,0.4755
330681,0.5239,0.4761
330682,0.5024,0.4976
330683,0.5085,0.4915
330701,0.5897,0.4103
330703,0.4677,0.5323
330723,0.6186,0.3814
330726,0.5619,0.4381
330727,0.399,0.601
330781,0.3716,0.6284
330782,0.7122,0.2878
330783,0.5668,0.4332
330784,0.52,0.48
330801,0.4413,0.5587
330803,0.2948,0.7052
330822,0.3773,0.6227
330824,0.3796,0.6204
330825,0.3579,0.6421
330881,0.4282,0.5718
330902,0.6587,0.3413
330921,0.6104,0.3896
330922,0.6238,0.3762
331003,0.6437,0.3563
331002,0.6174,0.3826
331021,0.5876,0.4124
331022,0.4258,0.5742
331023,0.5065,0.4935
331024,0.5182,0.4818
331081,0.548,0.452
331082,0.4893,0.5107
332501,0.484,0.516
331181,0.4997,0.5003
331121,0.4311,0.5689
331125,0.5807,0.4193
331126,0.4596,0.5404
331122,0.4285,0.5715
331123,0.396,0.604
331124,0.3576,0.6424
331127,0.4036,0.5964
340101,0.6817,0.3183
340121,0.2804,0.7196
340122,0.3517,0.6483
340123,0.346,0.654
340221,0.3812,0.6188
340222,0.4384,0.5616
340223,0.3508,0.6492
340301,0.4341,0.5659
340321,0.2446,0.7554
340322,0.3118,0.6882
340323,0.248,0.752
340401,0.6179,0.3821
340421,0.3053,0.6947
340501,0.6876,0.3124
340521,0.4507,0.5493
340601,0.5295,0.4705
340621,0.2646,0.7354
340701,0.7269,0.2731
340721,0.3497,0.6503
340801,0.3678,0.6322
340822,0.3738,0.6262
340823,0.2265,0.7735
340824,0.3314,0.6686
340825,0.2281,0.7719
340826,0.2973,0.7027
340827,0.3295,0.6705
340828,0.2347,0.7653
340881,0.4054,0.5946
341001,0.4085,0.5915
341021,0.2871,0.7129
341022,0.2827,0.7173
341023,0.352,0.648
341024,0.3224,0.6776
341100,0.415,0.585
341122,0.3349,0.6651
341124,0.453,0.547
341125,0.2747,0.7253
341126,0.2796,0.7204
341181,0.5385,0.4615
341182,0.3835,0.6165
341200,0.3149,0.6851
341201,0.3149,0.6851
341221,0.1987,0.8013
341222,0.3408,0.6592
341621,0.264,0.736
341622,0.2569,0.7431
341225,0.2292,0.7708
341226,0.3005,0.6995
341623,0.2499,0.7501
341601,0.2801,0.7199
341282,0.3822,0.6178
341301,0.3121,0.6879
341321,0.3585,0.6415
341322,0.2185,0.7815
341323,0.2526,0.7474
341324,0.1849,0.8151
341501,0.3483,0.6517
341521,0.3498,0.6502
341522,0.2145,0.7855
341523,0.3997,0.6003
341524,0.3068,0.6932
341525,0.5945,0.4055
341802,0.4078,0.5922
341881,0.6132,0.3868
341821,0.3245,0.6755
341822,0.4617,0.5383
341823,0.3755,0.6245
341825,0.3719,0.6281
341824,0.4114,0.5886
341401,0.4065,0.5935
341421,0.3983,0.6017
341422,0.3594,0.6406
341423,0.3338,0.6662
341424,0.4125,0.5875
341702,0.4857,0.5143
341721,0.4371,0.5629
341722,0.3199,0.6801
341723,0.4034,0.5966
350101,0.6195,0.3805
350121,0.4451,0.5549
350122,0.3521,0.6479
350123,0.3677,0.6323
350124,0.3056,0.6944
350125,0.319,0.681
350128,0.3184,0.6816
350181,0.3813,0.6187
350182,0.4073,0.5927
350201,0.8833,0.1167
350212,0.6731,0.3269
350301,0.5078,0.4922
350322,0.3684,0.6316
350401,0.5112,0.4888
350421,0.4564,0.5436
350423,0.4011,0.5989
350424,0.3039,0.6961
350425,0.4289,0.5711
350426,0.3681,0.6319
350427,0.5725,0.4275
350428,0.4722,0.5278
350429,0.432,0.568
350430,0.3497,0.6503
350481,0.6159,0.3841
350403,0.8189,0.1811
350521,0.4931,0.5069
350524,0.3438,0.6562
350525,0.5277,0.4723
350526,0.695,0.305
350581,0.7381,0.2619
350582,0.5904,0.4096
350583,0.5065,0.4935
350601,0.4673,0.5327
350622,0.3993,0.6007
350623,0.3769,0.6231
350624,0.3285,0.6715
350625,0.4094,0.5906
350626,0.486,0.514
350627,0.4061,0.5939
350628,0.3259,0.6741
350629,0.3724,0.6276
350681,0.4819,0.5181
350700,0.5074,0.4926
350721,0.4567,0.5433
350722,0.4248,0.5752
350723,0.4174,0.5826
350724,0.41,0.59
350725,0.3908,0.6092
350781,0.6668,0.3332
350782,0.5258,0.4742
350783,0.4258,0.5742
350784,0.521,0.479
350800,0.4502,0.5498
350821,0.4114,0.5886
350822,0.3764,0.6236
350823,0.307,0.693
350824,0.2958,0.7042
350825,0.3337,0.6663
350881,0.4735,0.5265
350902,0.5882,0.4118
350981,0.5784,0.4216
350982,0.5038,0.4962
350921,0.3798,0.6202
350922,0.3405,0.6595
350923,0.3654,0.6346
350924,0.4108,0.5892
350925,0.4359,0.5641
350926,0.5653,0.4347
360101,0.6571,0.3429
360121,0.4209,0.5791
360122,0.4912,0.5088
360123,0.4839,0.5161
360124,0.2649,0.7351
360201,0.5631,0.4369
360281,0.3534,0.6466
360301,0.5917,0.4083
360321,0.357,0.643
360401,0.4253,0.5747
360421,0.2951,0.7049
360423,0.3863,0.6137
360424,0.2788,0.7212
360425,0.4756,0.5244
360426,0.6018,0.3982
360427,0.4139,0.5861
360428,0.2162,0.7838
360429,0.328,0.672
360430,0.428,0.572
360481,0.3592,0.6408
360501,0.6157,0.3843
360521,0.4455,0.5545
360601,0.4743,0.5257
360622,0.373,0.627
360681,0.3766,0.6234
360700,0.3754,0.6246
360721,0.2865,0.7135
360722,0.3493,0.6507
360723,0.4682,0.5318
360724,0.2724,0.7276
360725,0.2996,0.7004
360726,0.3171,0.6829
360727,0.5063,0.4937
360728,0.5591,0.4409
360729,0.4138,0.5862
360730,0.2526,0.7474
360731,0.2618,0.7382
360732,0.235,0.765
360733,0.4173,0.5827
360734,0.3452,0.6548
360735,0.308,0.692
360781,0.3494,0.6506
360782,0.3478,0.6522
360901,0.3559,0.6441
360981,0.2843,0.7157
360982,0.3397,0.6603
360983,0.3641,0.6359
360921,0.3975,0.6025
360922,0.2757,0.7243
360923,0.4034,0.5966
360924,0.3968,0.6032
360925,0.3794,0.6206
360926,0.3813,0.6187
361101,0.3973,0.6027
361181,0.5067,0.4933
361121,0.2777,0.7223
361122,0.521,0.479
361123,0.403,0.597
361124,0.5307,0.4693
361125,0.5461,0.4539
361126,0.4079,0.5921
361127,0.2639,0.7361
361128,0.2824,0.7176
361129,0.3955,0.6045
361130,0.4018,0.5982
360801,0.3761,0.6239
360881,0.5691,0.4309
360821,0.3569,0.6431
360822,0.3957,0.6043
360823,0.3388,0.6612
360824,0.3028,0.6972
360825,0.3211,0.6789
360826,0.3593,0.6407
360827,0.2687,0.7313
360828,0.3087,0.6913
360829,0.3281,0.6719
360830,0.3833,0.6167
361002,0.4431,0.5569
361021,0.4286,0.5714
361022,0.3957,0.6043
361023,0.3163,0.6837
361024,0.3213,0.6787
361025,0.3072,0.6928
361026,0.2572,0.7428
361027,0.286,0.714
361028,0.4521,0.5479
361029,0.3865,0.6135
361030,0.3387,0.6613
370101,0.6447,0.3553
370113,0.4688,0.5312
370124,0.4558,0.5442
370125,0.2201,0.7799
370126,0.2162,0.7838
370181,0.4494,0.5506
370201,0.6581,0.3419
370281,0.4795,0.5205
370282,0.4801,0.5199
370283,0.3151,0.6849
370284,0.5424,0.4576
370285,0.4631,0.5369
370301,0.6312,0.3688
370321,0.5218,0.4782
370322,0.345,0.655
370323,0.3909,0.6091
370401,0.4731,0.5269
370481,0.4886,0.5114
370500,0.6002,0.3998
370501,0.6002,0.3998
370521,0.4708,0.5292
370522,0.2546,0.7454
370523,0.3685,0.6315
370601,0.5527,0.4473
370612,0.4655,0.5345
370634,0.2273,0.7727
370681,0.5649,0.4351
370682,0.4076,0.5924
370683,0.4297,0.5703
370684,0.4121,0.5879
370685,0.4976,0.5024
370686,0.3471,0.6529
370687,0.3829,0.6171
370701,0.4696,0.5304
370724,0.296,0.704
370725,0.4156,0.5844
370781,0.4087,0.5913
370783,0.418,0.582
370784,0.3238,0.6762
370785,0.5212,0.4788
370786,0.4768,0.5232
370801,0.4297,0.5703
370826,0.3852,0.6148
370827,0.2685,0.7315
370828,0.3388,0.6612
370829,0.2149,0.7851
370830,0.3013,0.6987
370831,0.3055,0.6945
370832,0.2874,0.7126
370881,0.4728,0.5272
370882,0.6282,0.3718
370883,0.4598,0.5402
370901,0.5035,0.4965
370921,0.3337,0.6663
370923,0.3315,0.6685
370982,0.5108,0.4892
370983,0.4994,0.5006
371001,0.5821,0.4179
371081,0.4611,0.5389
371082,0.5087,0.4913
371083,0.4539,0.5461
371100,0.4708,0.5292
371121,0.3425,0.6575
371122,0.2515,0.7485
371200,0.515,0.485
371300,0.4505,0.5495
371321,0.4422,0.5578
371322,0.3821,0.6179
371323,0.4215,0.5785
371324,0.3136,0.6864
371325,0.4216,0.5784
371326,0.3592,0.6408
371327,0.3608,0.6392
371328,0.3777,0.6223
371329,0.4478,0.5522
371400,0.4305,0.5695
371421,0.2993,0.7007
371422,0.3163,0.6837
371423,0.3117,0.6883
371424,0.4126,0.5874
371425,0.4823,0.5177
371426,0.3753,0.6247
371427,0.4071,0.5929
371428,0.4708,0.5292
371481,0.3284,0.6716
371482,0.4157,0.5843
371501,0.3687,0.6313
371521,0.31,0.69
371522,0.291,0.709
371523,0.3695,0.6305
371524,0.3242,0.6758
371525,0.2391,0.7609
371526,0.3753,0.6247
371581,0.477,0.523
371601,0.4571,0.5429
371621,0.3589,0.6411
371622,0.3069,0.6931
371623,0.4316,0.5684
371624,0.4168,0.5832
371625,0.4967,0.5033
370322,0.345,0.655
371701,0.3501,0.6499
371721,0.3161,0.6839
371727,0.2935,0.7065
371723,0.3387,0.6613
371722,0.3534,0.6466
371724,0.3727,0.6273
371482,0.4157,0.5843
371726,0.3097,0.6903
371728,0.332,0.668
410101,0.6349,0.3651
410122,0.2406,0.7594
410181,0.4533,0.5467
410182,0.4393,0.5607
410183,0.4505,0.5495
410184,0.445,0.555
410185,0.4382,0.5618
410201,0.3546,0.6454
410221,0.2475,0.7525
410222,0.2473,0.7527
410223,0.2471,0.7529
410224,0.2412,0.7588
410225,0.2507,0.7493
410301,0.441,0.559
410322,0.3448,0.6552
410323,0.3422,0.6578
410324,0.3701,0.6299
410325,0.2014,0.7986
410326,0.2279,0.7721
410327,0.2084,0.7916
410328,0.1994,0.8006
410329,0.2122,0.7878
410381,0.4511,0.5489
410401,0.4123,0.5877
410421,0.3057,0.6943
410422,0.2631,0.7369
410423,0.2488,0.7512
410425,0.3009,0.6991
410481,0.4701,0.5299
410482,0.32,0.68
410501,0.3838,0.6162
410522,0.3461,0.6539
410523,0.3505,0.6495
410526,0.151,0.849
410527,0.1733,0.8267
410581,0.4074,0.5926
410601,0.4743,0.5257
410621,0.227,0.773
410622,0.4296,0.5704
410701,0.408,0.592
410721,0.434,0.566
410724,0.3476,0.6524
410725,0.1994,0.8006
410726,0.2601,0.7399
410727,0.2431,0.7569
410728,0.3206,0.6794
410781,0.3378,0.6622
410782,0.3535,0.6465
410801,0.4682,0.5318
410821,0.3476,0.6524
410822,0.3895,0.6105
410823,0.2415,0.7585
410825,0.3571,0.6429
419001,0.4953,0.5047
410882,0.4995,0.5005
410883,0.377,0.623
410901,0.3132,0.6868
410922,0.164,0.836
410923,0.2064,0.7936
410926,0.2053,0.7947
410927,0.2015,0.7985
410928,0.2855,0.7145
411001,0.3846,0.6154
411023,0.2712,0.7288
411024,0.2692,0.7308
411025,0.267,0.733
411081,0.3294,0.6706
411082,0.4098,0.5902
411101,0.3909,0.6091
411121,0.3221,0.6779
411122,0.3449,0.6551
411103,0.4307,0.5693
411201,0.4399,0.5601
411221,0.3538,0.6462
411222,0.3445,0.6555
411224,0.2526,0.7474
411281,0.9425,0.0575
411282,0.3205,0.6795
411301,0.3248,0.6752
411321,0.2778,0.7222
411322,0.2495,0.7505
411323,0.3658,0.6342
411324,0.2855,0.7145
411325,0.2816,0.7184
411326,0.3004,0.6996
411327,0.2768,0.7232
411328,0.2893,0.7107
411329,0.2848,0.7152
411330,0.3352,0.6648
411381,0.2827,0.7173
411401,0.2949,0.7051
411421,0.2398,0.7602
411422,0.2552,0.7448
411423,0.2239,0.7761
411424,0.2423,0.7577
411425,0.2527,0.7473
411426,0.2639,0.7361
411481,0.334,0.666
411501,0.3417,0.6583
411521,0.2981,0.7019
411522,0.2772,0.7228
411523,0.3609,0.6391
411524,0.2728,0.7272
411525,0.2842,0.7158
411526,0.3886,0.6114
411527,0.2779,0.7221
411528,0.2781,0.7219
411601,0.2946,0.7054
411681,0.3541,0.6459
411621,0.2709,0.7291
411622,0.2699,0.7301
411623,0.2417,0.7583
411627,0.2542,0.7458
411628,0.2877,0.7123
411625,0.2661,0.7339
411626,0.2696,0.7304
411624,0.2654,0.7346
411725,0.2985,0.7015
411701,0.2946,0.7054
411728,0.296,0.704
411721,0.2585,0.7415
411722,0.2583,0.7417
411727,0.2587,0.7413
411723,0.2778,0.7222
411729,0.2173,0.7827
411724,0.2139,0.7861
420101,0.7707,0.2293
420105,1,0
420106,1,0
420116,0.3509,0.6491
420117,0.4627,0.5373
420201,0.568,0.432
420222,0.2875,0.7125
420281,0.4947,0.5053
420301,0.4632,0.5368
420321,0.31,0.69
420322,0.2915,0.7085
420323,0.2896,0.7104
420324,0.2857,0.7143
420325,0.3049,0.6951
420381,0.4282,0.5718
420501,0.4986,0.5014
420506,0.4089,0.5911
420525,0.3871,0.6129
420526,0.372,0.628
420527,0.3014,0.6986
420528,0.2421,0.7579
420529,0.3001,0.6999
420581,0.4582,0.5418
420582,0.3925,0.6075
420583,0.4403,0.5597
420601,0.5004,0.4996
420607,0.439,0.561
420624,0.3374,0.6626
420625,0.3775,0.6225
420626,0.3324,0.6676
420682,0.451,0.549
420683,0.4403,0.5597
420684,0.394,0.606
420701,0.5795,0.4205
420801,0.455,0.545
420821,0.4183,0.5817
420881,0.4294,0.5706
420900,0.46,0.54
420922,0.3617,0.6383
420923,0.417,0.583
420981,0.5086,0.4914
420982,0.4175,0.5825
421124,0.2928,0.7072
420984,0.4617,0.5383
421002,0.839,0.161
421022,0.3324,0.6676
421023,0.3063,0.6937
421024,0.3001,0.6999
421081,0.3706,0.6294
421083,0.3401,0.6599
421087,0.3545,0.6455
420704,0.6905,0.3095
421121,0.2605,0.7395
421122,0.3108,0.6892
421123,0.311,0.689
421124,0.2928,0.7072
421125,0.2703,0.7297
421126,0.3213,0.6787
421127,0.3303,0.6697
421181,0.3565,0.6435
421182,0.4205,0.5795
421201,0.427,0.573
421221,0.3743,0.6257
421222,0.326,0.674
421223,0.3716,0.6284
421224,0.3102,0.6898
421281,0.4234,0.5766
422801,0.4271,0.5729
422802,0.2993,0.7007
422822,0.2523,0.7477
422823,0.2601,0.7399
422825,0.2363,0.7637
422826,0.2839,0.7161
422827,0.2284,0.7716
422828,0.2609,0.7391
429001,0.4519,0.5481
429004,0.4706,0.5294
429005,0.4626,0.5374
429006,0.4317,0.5683
429021,0.4067,0.5933
430101,0.6769,0.3231
430121,0.4966,0.5034
430122,0.4395,0.5605
430124,0.4271,0.5729
430181,0.4596,0.5404
430201,0.5648,0.4352
430221,0.2459,0.7541
430223,0.4058,0.5942
430224,0.481,0.519
430225,0.3842,0.6158
430281,0.474,0.526
430301,0.5011,0.4989
430321,0.2586,0.7414
430381,0.2674,0.7326
430382,0.3209,0.6791
430401,0.445,0.555
430422,0.3255,0.6745
430423,0.288,0.712
430424,0.2835,0.7165
430426,0.3256,0.6744
430481,0.4135,0.5865
430482,0.4108,0.5892
430501,0.3284,0.6716
430521,0.4118,0.5882
430522,0.263,0.737
430523,0.2492,0.7508
430524,0.2505,0.7495
430525,0.2692,0.7308
430527,0.1853,0.8147
430528,0.2749,0.7251
430529,0.2646,0.7354
430581,0.2551,0.7449
430601,0.4601,0.5399
430621,0.3417,0.6583
430623,0.3013,0.6987
430624,0.4377,0.5623
430626,0.309,0.691
430681,0.4639,0.5361
430682,0.4516,0.5484
430701,0.3887,0.6113
430721,0.3201,0.6799
430722,0.2699,0.7301
430723,0.3195,0.6805
430724,0.3889,0.6111
430725,0.2663,0.7337
430726,0.3122,0.6878
430781,0.6227,0.3773
430801,0.3357,0.6643
430821,0.2623,0.7377
430822,0.2302,0.7698
430900,0.3992,0.6008
430901,0.3992,0.6008
430921,0.3611,0.6389
430922,0.3316,0.6684
430923,0.2486,0.7514
430981,0.4219,0.5781
431000,0.417,0.583
431001,0.417,0.583
431021,0.3492,0.6508
431022,0.358,0.642
431023,0.3272,0.6728
431024,0.3696,0.6304
431025,0.2712,0.7288
431026,0.2648,0.7352
431027,0.2358,0.7642
431028,0.3454,0.6546
431081,0.6395,0.3605
431100,0.3538,0.6462
431103,0.5951,0.4049
431121,0.361,0.639
431122,0.3265,0.6735
431123,0.3513,0.6487
431124,0.3054,0.6946
431125,0.2119,0.7881
431126,0.3303,0.6697
431127,0.3639,0.6361
431128,0.2655,0.7345
431129,0.1936,0.8064
431200,0.3609,0.6391
431222,0.2991,0.7009
431223,0.2944,0.7056
431224,0.285,0.715
431225,0.2495,0.7505
431226,0.2694,0.7306
431227,0.2534,0.7466
431228,0.2546,0.7454
431229,0.3988,0.6012
431230,0.2399,0.7601
431281,0.4137,0.5863
431382,0.2465,0.7535
431381,0.7283,0.2717
431321,0.1998,0.8002
431322,0.2196,0.7804
433101,0.7029,0.2971
433122,0.3421,0.6579
433123,0.2378,0.7622
433124,0.3407,0.6593
433125,0.306,0.694
433126,0.302,0.698
433127,0.3024,0.6976
433130,0.2881,0.7119
440101,0.8378,0.1622
440113,0.8006,0.1994
440282,0.4428,0.5572
440183,0.6847,0.3153
440184,0.3861,0.6139
440201,0.5253,0.4747
440205,0.5539,0.4461
440222,0.3714,0.6286
440224,0.3686,0.6314
440229,0.312,0.688
440232,0.4146,0.5854
440233,0.4847,0.5153
440281,0.4813,0.5187
440301,1,0
440306,1,0
440401,0.8765,0.1235
440501,0.6846,0.3154
440523,0.7568,0.2432
440513,0.5757,0.4243
440515,0.7136,0.2864
440601,0.9409,0.0591
440606,0.9774,0.0226
440605,0.9488,0.0512
440607,0.7097,0.2903
440608,0.8656,0.1344
440701,0.623,0.377
440781,0.4196,0.5804
440705,0.6104,0.3896
440783,0.5306,0.4694
440784,0.5709,0.4291
440785,0.4956,0.5044
440204,0.816,0.184
440823,0.2852,0.7148
440825,0.3411,0.6589
440881,0.2489,0.7511
440882,0.241,0.759
440883,0.3588,0.6412
440901,0.3506,0.6494
440923,0.3244,0.6756
440981,0.2732,0.7268
440982,0.2718,0.7282
440983,0.3655,0.6345
441201,0.4239,0.5761
441223,0.3687,0.6313
441224,0.1987,0.8013
441225,0.2933,0.7067
441226,0.2494,0.7506
441283,0.2984,0.7016
441284,0.6552,0.3448
441301,0.6184,0.3816
441322,0.4545,0.5455
441323,0.5209,0.4791
441324,0.2957,0.7043
441303,0.7592,0.2408
441401,0.4301,0.5699
441421,0.4665,0.5335
441422,0.4298,0.5702
441423,0.433,0.567
441424,0.2338,0.7662
441426,0.4619,0.5381
441427,0.4775,0.5225
441481,0.4071,0.5929
441501,0.5418,0.4582
441521,0.6167,0.3833
441523,0.5176,0.4824
441581,0.4267,0.5733
441601,0.4004,0.5996
441621,0.361,0.639
441622,0.2741,0.7259
441623,0.3289,0.6711
441624,0.2755,0.7245
441701,0.4681,0.5319
441721,0.3397,0.6603
441781,0.3383,0.6617
441801,0.4754,0.5246
441821,0.391,0.609
441823,0.3517,0.6483
441825,0.3557,0.6443
441826,0.4433,0.5567
441881,0.3683,0.6317
441882,0.4397,0.5603
441900,0.8846,0.1154
442000,0.8782,0.1218
445100,0.6275,0.3725
445122,0.4746,0.5254
445200,0.4731,0.5269
445222,0.2994,0.7006
445224,0.3963,0.6037
445281,0.4257,0.5743
445300,0.3696,0.6304
445321,0.3712,0.6288
445322,0.3919,0.6081
445381,0.2746,0.7254
450101,0.5374,0.4626
450109,0.2773,0.7227
450122,0.3417,0.6583
450201,0.5765,0.4235
450221,0.3803,0.6197
450222,0.3431,0.6569
450301,0.3876,0.6124
450321,0.2675,0.7325
450322,0.2688,0.7312
450323,0.3521,0.6479
450324,0.2259,0.7741
450325,0.2965,0.7035
450326,0.2277,0.7723
450327,0.2093,0.7907
450328,0.2163,0.7837
450329,0.1846,0.8154
450330,0.2507,0.7493
450331,0.3827,0.6173
450332,0.1956,0.8044
450401,0.4298,0.5702
450421,0.392,0.608
450422,0.2423,0.7577
450423,0.3046,0.6954
450481,0.4365,0.5635
450501,0.4729,0.5271
450521,0.3036,0.6964
450601,0.4828,0.5172
450621,0.2318,0.7682
450681,0.6376,0.3624
450700,0.2934,0.7066
450721,0.2155,0.7845
450722,0.2278,0.7722
450800,0.402,0.598
450821,0.4333,0.5667
450881,0.3395,0.6605
450900,0.396,0.604
450921,0.2922,0.7078
450922,0.3309,0.6691
450923,0.2737,0.7263
450981,0.5766,0.4234
451400,0.2781,0.7219
450127,0.269,0.731
450126,0.339,0.661
450125,0.2559,0.7441
450123,0.2335,0.7665
450124,0.1947,0.8053
451421,0.336,0.664
450405,0.8152,0.1848
451424,0.1984,0.8016
451425,0.1638,0.8362
451422,0.2029,0.7971
451423,0.303,0.697
451381,0.5775,0.4225
450223,0.4211,0.5789
451322,0.3191,0.6809
451323,0.3192,0.6808
451301,0.3317,0.6683
450224,0.3357,0.6643
450226,0.1484,0.8516
450225,0.2577,0.7423
451324,0.2919,0.7081
451321,0.2384,0.7616
451100,0.3529,0.6471
451121,0.365,0.635
451122,0.3225,0.6775
451123,0.2807,0.7193
451001,0.2556,0.7444
451021,0.3072,0.6928
451022,0.2654,0.7346
451023,0.3779,0.6221
451024,0.1794,0.8206
451025,0.1861,0.8139
451026,0.1926,0.8074
451027,0.1616,0.8384
451028,0.2006,0.7994
451029,0.1628,0.8372
451031,0.1336,0.8664
451030,0.199,0.801
451201,0.2636,0.7364
450311,0.0974,0.9026
451225,0.2355,0.7645
451226,0.2471,0.7529
451221,0.3529,0.6471
451222,0.3104,0.6896
451223,0.1364,0.8636
451224,0.1721,0.8279
451227,0.1659,0.8341
451228,0.1613,0.8387
451229,0.199,0.801
469029,0.3136,0.6864
460107,0.6616,0.3384
460003,0.4492,0.5508
469005,0.4685,0.5315
469006,0.4055,0.5945
469007,0.3765,0.6235
469021,0.3688,0.6312
469022,0.3919,0.6081
469023,0.3944,0.6056
469024,0.3636,0.6364
469025,0.2532,0.7468
469026,0.4778,0.5222
469027,0.289,0.711
469028,0.3688,0.6312
469030,0.2974,0.7026
469031,1,0
469032,0,1
460100,0.7416,0.2584
460201,0.6621,0.3379
500101,0.55,0.45
500102,0.558,0.442
500104,0.9318,0.0682
500105,0.9113,0.0887
500106,0.9006,0.0994
500107,0.8662,0.1338
500108,0.9001,0.0999
500109,0.7376,0.2624
500110,0.7247,0.2753
500111,0.9305,0.0695
500112,0.7328,0.2672
500113,0.7285,0.2715
500115,0.5302,0.4698
500222,0.4102,0.5898
500223,0.3861,0.6139
500224,0.4149,0.5851
500225,0.4001,0.5999
500226,0.4102,0.5898
500227,0.4205,0.5795
500228,0.3429,0.6571
500230,0.3451,0.6549
500231,0.3427,0.6573
500232,0.3299,0.6701
500233,0.3292,0.6708
500234,0.3589,0.6411
500235,0.3216,0.6784
500236,0.3228,0.6772
500237,0.3002,0.6998
500238,0.2538,0.7462
500114,0.391,0.609
500240,0.3233,0.6767
500241,0.3002,0.6998
500242,0.2381,0.7619
500243,0.2521,0.7479
500116,0.5565,0.4435
500117,0.5582,0.4418
500118,0.5687,0.4313
500119,0.4773,0.5227
510101,0.6575,0.3425
510121,0.2605,0.7395
510122,0.6212,0.3788
510115,0.6102,0.3898
510124,0.658,0.342
510114,0.5516,0.4484
510129,0.3503,0.6497
510131,0.305,0.695
510132,0.4042,0.5958
510181,0.4827,0.5173
510182,0.345,0.655
510183,0.3102,0.6898
510184,0.3123,0.6877
510301,0.4102,0.5898
510321,0.3052,0.6948
510322,0.3056,0.6944
510400,0.601,0.399
510401,0.601,0.399
510421,0.2659,0.7341
510422,0.1935,0.8065
510501,0.3526,0.6474
510503,0.3916,0.6084
510521,0.3204,0.6796
510522,0.3028,0.6972
510524,0.2381,0.7619
510525,0.1711,0.8289
510601,0.4132,0.5868
510623,0.2269,0.7731
510681,0.399,0.601
510682,0.4542,0.5458
510683,0.4018,0.5982
510701,0.3985,0.6015
510722,0.1984,0.8016
510723,0.2331,0.7669
510724,0.2624,0.7376
510725,0.205,0.795
510726,0.2824,0.7176
510727,0.2435,0.7565
510781,0.4096,0.5904
510801,0.3298,0.6702
510821,0.3536,0.6464
510822,0.1882,0.8118
510823,0.2305,0.7695
510824,0.2284,0.7716
510901,0.3688,0.6312
510921,0.27,0.73
510922,0.388,0.612
511001,0.3784,0.6216
511024,0.4151,0.5849
511025,0.2224,0.7776
511028,0.4572,0.5428
511101,0.3947,0.6053
511123,0.2631,0.7369
511124,0.2588,0.7412
511126,0.2519,0.7481
511129,0.2089,0.7911
511132,0.2575,0.7425
511133,0.1388,0.8612
511181,0.5042,0.4958
511300,0.3591,0.6409
511301,0.3591,0.6409
511321,0.2684,0.7316
511322,0.2451,0.7549
511323,0.3534,0.6466
511324,0.3726,0.6274
511325,0.275,0.725
511381,0.3327,0.6673
511500,0.3355,0.6645
511521,0.1953,0.8047
511522,0.3549,0.6451
511523,0.2969,0.7031
511524,0.3033,0.6967
511525,0.2527,0.7473
511526,0.4134,0.5866
511527,0.2313,0.7687
511528,0.2267,0.7733
511529,0.1145,0.8855
511600,0.2907,0.7093
511621,0.2244,0.7756
511622,0.2252,0.7748
511623,0.2677,0.7323
511681,0.4283,0.5717
511700,0.3271,0.6729
511781,0.318,0.682
511721,0.2693,0.7307
511722,0.294,0.706
511723,0.2914,0.7086
511724,0.3119,0.6881
511725,0.2465,0.7535
511800,0.3462,0.6538
511821,0.2033,0.7967
511822,0.3935,0.6065
511823,0.1662,0.8338
511824,0.3191,0.6809
511825,0.3949,0.6051
511826,0.3715,0.6285
511827,0.279,0.721
513221,0.3962,0.6038
513222,0.3249,0.6751
513223,0.3738,0.6262
513224,0.2698,0.7302
513225,0.511,0.489
513226,0.3243,0.6757
513227,0.1578,0.8422
513228,0.1767,0.8233
513229,0.4925,0.5075
513230,0.0978,0.9022
513231,0.1888,0.8112
513232,0.1588,0.8412
513233,0.2878,0.7122
513321,0.4644,0.5356
513322,0.3061,0.6939
513323,0.168,0.832
513324,0.1283,0.8717
513325,0.1452,0.8548
513326,0.1743,0.8257
513327,0.1774,0.8226
513328,0.1479,0.8521
513329,0.0723,0.9277
513330,0.0787,0.9213
513331,0.0759,0.9241
513332,0.0849,0.9151
513333,0.1201,0.8799
513334,0.3039,0.6961
513335,0.1751,0.8249
513336,0.1457,0.8543
513337,0.1557,0.8443
513338,0.1199,0.8801
513401,0.6551,0.3449
513422,0.2187,0.7813
513423,0.1697,0.8303
513424,0.3321,0.6679
513425,0.3094,0.6906
513426,0.1927,0.8073
513427,0.3188,0.6812
513428,0.1118,0.8882
513429,0.1181,0.8819
513430,0.1268,0.8732
513431,0.0905,0.9095
513432,0.1969,0.8031
513433,0.2853,0.7147
513434,0.2189,0.7811
513435,0.1963,0.8037
513436,0.0585,0.9415
513437,0.1821,0.8179
511901,0.2847,0.7153
511921,0.188,0.812
511922,0.1908,0.8092
511923,0.2462,0.7538
511400,0.3306,0.6694
511421,0.2164,0.7836
511422,0.5259,0.4741
511423,0.3004,0.6996
511424,0.4385,0.5615
511425,0.3488,0.6512
512000,0.3072,0.6928
510502,0.5732,0.4268
510904,0.137,0.863
512022,0.2883,0.7117
520101,0.6784,0.3216
520121,0.3137,0.6863
520122,0.2824,0.7176
520123,0.2925,0.7075
520181,0.3568,0.6432
520201,0.7975,0.2025
520222,0.1702,0.8298
520203,0.2626,0.7374
520221,0.0268,0.9732
520300,0.3502,0.6498
520321,0.2971,0.7029
520322,0.2831,0.7169
520323,0.2741,0.7259
520324,0.2561,0.7439
520325,0.2551,0.7449
520326,0.2655,0.7345
520327,0.2621,0.7379
520328,0.2782,0.7218
520329,0.3292,0.6708
520330,0.2574,0.7426
520381,0.3412,0.6588
520382,0.3129,0.6871
522201,0.57,0.43
522222,0.2351,0.7649
522223,0.3954,0.6046
522224,0.241,0.759
522225,0.2312,0.7688
522226,0.2334,0.7666
522227,0.2186,0.7814
522228,0.1722,0.8278
522229,0.1744,0.8256
522230,0.2592,0.7408
522301,0.4281,0.5719
522322,0.2705,0.7295
522323,0.203,0.797
522324,0.1984,0.8016
522325,0.2251,0.7749
522326,0.1769,0.8231
522327,0.1754,0.8246
522328,0.2627,0.7373
522401,0.3704,0.6296
522422,0.2421,0.7579
522423,0.3086,0.6914
522424,0.3004,0.6996
522425,0.2582,0.7418
522426,0.2495,0.7505
522427,0.1893,0.8107
522428,0.1681,0.8319
520400,0.3006,0.6994
520421,0.3208,0.6792
520422,0.1878,0.8122
520424,0.184,0.816
520423,0.2452,0.7548
520425,0.1477,0.8523
522601,0.5739,0.4261
522622,0.1895,0.8105
522623,0.2955,0.7045
522624,0.2793,0.7207
522625,0.341,0.659
522626,0.2001,0.7999
522627,0.2318,0.7682
522628,0.2703,0.7297
522629,0.1968,0.8032
522630,0.2288,0.7712
522631,0.1869,0.8131
522632,0.1628,0.8372
522633,0.1373,0.8627
522634,0.2331,0.7669
522635,0.2043,0.7957
522636,0.2012,0.7988
522701,0.4893,0.5107
522702,0.4417,0.5583
522722,0.2255,0.7745
522723,0.3241,0.6759
522725,0.3241,0.6759
522726,0.2504,0.7496
522727,0.2124,0.7876
522728,0.1645,0.8355
522729,0.2235,0.7765
522730,0.2704,0.7296
522731,0.2093,0.7907
522732,0.1279,0.8721
530101,0.6744,0.3256
530121,0.444,0.556
530122,0.3756,0.6244
530124,0.2982,0.7018
530125,0.4217,0.5783
530126,0.3572,0.6428
530127,0.371,0.629
530128,0.2099,0.7901
530129,0.216,0.784
530181,0.7094,0.2906
530300,0.3925,0.6075
530301,0.3925,0.6075
530321,0.3123,0.6877
530322,0.3616,0.6384
530323,0.2727,0.7273
530324,0.3536,0.6464
530325,0.345,0.655
530326,0.258,0.742
530381,0.4483,0.5517
530400,0.4206,0.5794
530421,0.3328,0.6672
530422,0.4074,0.5926
530423,0.4519,0.5481
530424,0.3795,0.6205
530425,0.3912,0.6088
530426,0.3716,0.6284
530427,0.2878,0.7122
530428,0.3228,0.6772
530600,0.1871,0.8129
530621,0.1537,0.8463
530622,0.1303,0.8697
530623,0.1746,0.8254
530624,0.2047,0.7953
530625,0.1747,0.8253
530626,0.393,0.607
530627,0.1575,0.8425
530628,0.0683,0.9317
530629,0.1428,0.8572
530630,0.4371,0.5629
532301,0.564,0.436
532322,0.2259,0.7741
532323,0.2379,0.7621
532324,0.2117,0.7883
532325,0.2704,0.7296
532326,0.1812,0.8188
532327,0.2462,0.7538
532328,0.2433,0.7567
532329,0.2148,0.7852
532331,0.3528,0.6472
532501,0.3557,0.6443
532502,0.6533,0.3467
532503,0.5099,0.4901
532523,0.1085,0.8915
532524,0.3635,0.6365
532525,0.3131,0.6869
532526,0.3955,0.6045
532527,0.2996,0.7004
532528,0.0641,0.9359
532529,0.0689,0.9311
532530,0.1416,0.8584
532531,0.0975,0.9025
532532,0.3664,0.6336
532621,0.4765,0.5235
532622,0.3188,0.6812
532623,0.1404,0.8596
532624,0.1809,0.8191
532625,0.2445,0.7555
532626,0.1541,0.8459
532627,0.1454,0.8546
532628,0.1646,0.8354
530802,0.6254,0.3746
530800,0.2632,0.7368
530822,0.1356,0.8644
530823,0.1696,0.8304
530824,0.2268,0.7732
530825,0.2259,0.7741
530826,0.3506,0.6494
530827,0.6052,0.3948
530828,0.1434,0.8566
530829,0.1774,0.8226
532801,0.3953,0.6047
532822,0.2861,0.7139
532823,0.3004,0.6996
532901,0.563,0.437
532922,0.2342,0.7658
532923,0.3382,0.6618
532924,0.3037,0.6963
532925,0.3031,0.6969
532926,0.2639,0.7361
532927,0.1814,0.8186
532928,0.3997,0.6003
532929,0.2311,0.7689
532930,0.1807,0.8193
532931,0.2469,0.7531
532932,0.2261,0.7739
530500,0.2282,0.7718
530521,0.1636,0.8364
530522,0.2099,0.7901
530523,0.155,0.845
530524,0.2341,0.7659
533102,0.5489,0.4511
533103,0.3371,0.6629
533122,0.2155,0.7845
533123,0.3096,0.6904
533124,0.3034,0.6966
530700,0.2858,0.7142
530722,0.2039,0.7961
530723,0.3761,0.6239
530724,0.1279,0.8721
533321,0.2921,0.7079
533323,0.1055,0.8945
533324,0.1802,0.8198
533325,0.2523,0.7477
533421,0.3837,0.6163
533422,0.1534,0.8466
533423,0.1433,0.8567
530900,0.2433,0.7567
530921,0.167,0.833
530922,0.239,0.761
530923,0.1715,0.8285
530924,0.1676,0.8324
530925,0.2752,0.7248
530926,0.2722,0.7278
530927,0.2397,0.7603
540101,0.4307,0.5693
540121,0.0582,0.9418
540122,0.1192,0.8808
540123,0.1129,0.8871
540124,0.1546,0.8454
540125,0.335,0.665
540126,0.1344,0.8656
540127,0.0928,0.9072
542122,0.032,0.968
542123,0.0715,0.9285
542124,0.1249,0.8751
542125,0.0594,0.9406
542126,0.0761,0.9239
542127,0.1169,0.8831
542128,0.0807,0.9193
542129,0.0527,0.9473
542132,0.1223,0.8777
542133,0.083,0.917
542129,0.0527,0.9473
542128,0.0807,0.9193
542121,0.3779,0.6221
542122,0.032,0.968
542221,0.5141,0.4859
542222,0.0514,0.9486
542223,0.2453,0.7547
542224,0.112,0.888
542225,0.1444,0.8556
542226,0.1882,0.8118
542227,0.3128,0.6872
542228,0.1815,0.8185
542229,0.1424,0.8576
542231,0.1485,0.8515
542232,0.1885,0.8115
542233,0.0665,0.9335
542301,0.5314,0.4686
542322,0.0611,0.9389
542323,0.1103,0.8897
542324,0.0649,0.9351
542325,0.1209,0.8791
542326,0.1094,0.8906
542327,0.0202,0.9798
542328,0.0984,0.9016
542329,0.1159,0.8841
542330,0.051,0.949
542331,0.0769,0.9231
542332,0.1803,0.8197
542333,0.0316,0.9684
542334,0.4563,0.5437
542335,0.2469,0.7531
542336,0.2349,0.7651
542337,0.1465,0.8535
542338,0.0485,0.9515
542421,0.3951,0.6049
542422,0.0891,0.9109
542423,0.0713,0.9287
542424,0.0702,0.9298
542425,0.1666,0.8334
542426,0.1427,0.8573
542427,0.1077,0.8923
542428,0.1389,0.8611
542429,0.0497,0.9503
542430,0.0346,0.9654
542521,0.255,0.745
542522,0.2175,0.7825
542523,0.6084,0.3916
542524,0.2064,0.7936
542525,0.0328,0.9672
542526,0.1247,0.8753
542527,0.1631,0.8369
542333,0.0316,0.9684
542621,0.6431,0.3569
542622,0.1349,0.8651
542623,0.2379,0.7621
542624,0.1811,0.8189
542625,0.268,0.732
542626,0.1542,0.8458
542627,0.105,0.895
610101,0.69,0.31
610115,0.2929,0.7071
610116,0.5162,0.4838
610122,0.2311,0.7689
610124,0.2272,0.7728
610125,0.3537,0.6463
610126,0.5788,0.4212
610201,0.5789,0.4211
610403,0.5217,0.4783
610222,0.2105,0.7895
610301,0.4138,0.5862
610304,0.3637,0.6363
610322,0.3176,0.6824
610323,0.3519,0.6481
610324,0.2065,0.7935
610326,0.2531,0.7469
610327,0.267,0.733
610328,0.2953,0.7047
610329,0.2302,0.7698
610330,0.4612,0.5388
610331,0.3234,0.6766
610401,0.4049,0.5951
610422,0.4725,0.5275
610423,0.2848,0.7152
610424,0.3179,0.6821
610425,0.1873,0.8127
610426,0.2591,0.7409
610427,0.3301,0.6699
610428,0.3102,0.6898
610429,0.22,0.78
610430,0.2356,0.7644
610431,0.2182,0.7818
610481,0.4571,0.5429
610500,0.3158,0.6842
610521,0.3336,0.6664
610522,0.3216,0.6784
610523,0.211,0.789
610524,0.2536,0.7464
610525,0.3393,0.6607
610526,0.2569,0.7431
610527,0.321,0.679
610528,0.2303,0.7697
610581,0.5025,0.4975
610582,0.4959,0.5041
610600,0.4834,0.5166
610621,0.3723,0.6277
610622,0.5823,0.4177
610623,0.5504,0.4496
610624,0.4369,0.5631
610625,0.4716,0.5284
610626,0.4465,0.5535
610627,0.457,0.543
610628,0.2994,0.7006
610629,0.2544,0.7456
610630,0.2995,0.7005
610631,0.3572,0.6428
610632,0.4727,0.5273
610700,0.3708,0.6292
610721,0.3066,0.6934
610722,0.3456,0.6544
610723,0.2687,0.7313
610724,0.2844,0.7156
610725,0.3996,0.6004
610726,0.3331,0.6669
610727,0.367,0.633
610728,0.2182,0.7818
610729,0.3207,0.6793
610730,0.3659,0.6341
610900,0.346,0.654
610921,0.2518,0.7482
610922,0.3311,0.6689
610923,0.3734,0.6266
610924,0.2644,0.7356
610925,0.3095,0.6905
610926,0.3217,0.6783
610927,0.2756,0.7244
610928,0.3255,0.6745
610929,0.2901,0.7099
611000,0.2733,0.7267
611021,0.2541,0.7459
611022,0.315,0.685
611023,0.2881,0.7119
611024,0.1717,0.8283
611025,0.2565,0.7435
611026,0.4627,0.5373
610800,0.4741,0.5259
610821,0.6205,0.3795
610822,0.5713,0.4287
610823,0.3964,0.6036
610824,0.5376,0.4624
610825,0.3813,0.6187
610826,0.3104,0.6896
610827,0.3364,0.6636
610828,0.1979,0.8021
610829,0.3643,0.6357
610830,0.3005,0.6995
610831,0.2872,0.7128
620602,0.328,0.672
620121,0.3298,0.6702
620122,0.3204,0.6796
620123,0.3194,0.6806
620201,0.9332,0.0668
620301,0.855,0.145
620321,0.3939,0.6061
620401,0.3938,0.6062
620421,0.25,0.75
620422,0.1929,0.8071
620423,0.4091,0.5909
620501,0.2814,0.7186
620521,0.1535,0.8465
620522,0.1822,0.8178
620523,0.175,0.825
620524,0.1996,0.8004
620525,0.1876,0.8124
620981,0.494,0.506
620902,0.597,0.403
620982,0.5996,0.4004
620921,0.3188,0.6812
620923,0.508,0.492
620924,0.9521,0.0479
620900,0.5066,0.4934
620700,0.3452,0.6548
620721,0.3109,0.6891
620722,0.222,0.778
620723,0.2773,0.7227
620724,0.2425,0.7575
620725,0.4102,0.5898
620600,0.2751,0.7249
620621,0.1899,0.8101
621024,0.2191,0.7809
620623,0.3217,0.6783
621100,0.2316,0.7684
621121,0.1286,0.8714
621122,0.3581,0.6419
621123,0.143,0.857
621124,0.2392,0.7608
621125,0.1958,0.8042
621126,0.1203,0.8797
621202,0.2459,0.7541
621223,0.1496,0.8504
621221,0.3451,0.6549
621224,0.1594,0.8406
621222,0.1518,0.8482
621225,0.1173,0.8827
621226,0.1116,0.8884
621228,0.345,0.655
621227,0.2726,0.7274
620800,0.2887,0.7113
620821,0.243,0.757
620822,0.1951,0.8049
620823,0.3109,0.6891
620824,0.4672,0.5328
620825,0.1454,0.8546
620826,0.1616,0.8384
621002,0.4815,0.5185
621000,0.2364,0.7636
621022,0.1865,0.8135
621023,0.2118,0.7882
621024,0.2191,0.7809
621025,0.241,0.759
621026,0.1486,0.8514
621027,0.133,0.867
622901,0.8048,0.1952
622921,0.0787,0.9213
622922,0.1066,0.8934
622923,0.3869,0.6131
622924,0.1904,0.8096
622925,0.1576,0.8424
622926,0.1215,0.8785
622927,0.0794,0.9206
623021,0.1833,0.8167
623022,0.1513,0.8487
623023,0.1274,0.8726
623024,0.1712,0.8288
623025,0.2022,0.7978
623026,0.1823,0.8177
623027,0.2892,0.7108
630101,0.637,0.363
630121,0.3314,0.6686
632121,0.4904,0.5096
632122,0.2302,0.7698
632123,0.2688,0.7312
630122,0.1685,0.8315
630123,0.2576,0.7424
632126,0.1613,0.8387
632127,0.1929,0.8071
632128,0.1711,0.8289
632221,0.2486,0.7514
632222,0.4444,0.5556
632223,0.5534,0.4466
632224,0.2736,0.7264
632321,0.3113,0.6887
632322,0.2913,0.7087
632323,0.1464,0.8536
632324,0.2756,0.7244
632521,0.3702,0.6298
632522,0.243,0.757
632523,0.2674,0.7326
632524,0.2601,0.7399
632525,0.2298,0.7702
632621,0.4703,0.5297
632622,0.1608,0.8392
632623,0.1102,0.8898
632624,0.2127,0.7873
632625,0.1096,0.8904
632626,0.2786,0.7214
632721,0.4716,0.5284
632722,0.3548,0.6452
632723,0.0835,0.9165
632724,0.4093,0.5907
632725,0.2139,0.7861
632726,0.3099,0.6901
632800,0.7003,0.2997
632801,0.8658,0.1342
632802,0.7015,0.2985
632821,0.4689,0.5311
632822,0.3374,0.6626
632823,0.4602,0.5398
640101,0.7252,0.2748
640121,0.3509,0.6491
640122,0.3739,0.6261
640201,0.6864,0.3136
640221,0.3719,0.6281
640200,0.6864,0.3136
640205,0.7935,0.2065
640301,0.3771,0.6229
640500,0.295,0.705
640521,0.3411,0.6589
640323,0.304,0.696
640324,0.3277,0.6723
640381,0.3754,0.6246
640100,0.7252,0.2748
640400,0.2275,0.7725
640522,0.1331,0.8669
640422,0.1553,0.8447
640423,0.1775,0.8225
640424,0.1966,0.8034
640425,0.2292,0.7708
650100,0.9206,0.0794
650203,0.8891,0.1109
652101,0.3282,0.6718
652122,0.3058,0.6942
652123,0.3109,0.6891
652201,0.6576,0.3424
652222,0.353,0.647
652223,0.2896,0.7104
652301,0.713,0.287
652302,0.4097,0.5903
650109,0.7172,0.2828
652323,0.4148,0.5852
652324,0.4219,0.5781
652325,0.418,0.582
652327,0.3253,0.6747
652328,0.3319,0.6681
652701,0.51,0.49
652722,0.2619,0.7381
652723,0.2864,0.7136
652801,0.774,0.226
652822,0.2561,0.7439
652823,0.1981,0.8019
652824,0.3275,0.6725
652825,0.2777,0.7223
652826,0.3764,0.6236
652827,0.2723,0.7277
652828,0.2242,0.7758
652829,0.218,0.782
652901,0.5318,0.4682
652922,0.2609,0.7391
652923,0.3996,0.6004
652924,0.2564,0.7436
652925,0.2025,0.7975
652926,0.2373,0.7627
652927,0.117,0.883
652928,0.2088,0.7912
652929,0.1397,0.8603
653001,0.2431,0.7569
653022,0.1149,0.8851
653023,0.3064,0.6936
653024,0.238,0.762
653101,0.6128,0.3872
653121,0.0593,0.9407
653122,0.1145,0.8855
653123,0.1232,0.8768
653124,0.1969,0.8031
653125,0.1755,0.8245
653126,0.1707,0.8293
653127,0.2078,0.7922
653128,0.1732,0.8268
653129,0.0723,0.9277
653130,0.1414,0.8586
653131,0.2779,0.7221
653221,0.0138,0.9862
653222,0.0596,0.9404
653223,0.0906,0.9094
653224,0.0698,0.9302
653225,0.1199,0.8801
653226,0.1367,0.8633
653227,0.3181,0.6819
654003,0.8749,0.1251
654002,0.716,0.284
654021,0.0872,0.9128
654022,0.2431,0.7569
654023,0.2526,0.7474
654024,0.1984,0.8016
654025,0.256,0.744
654026,0.2603,0.7397
654027,0.2764,0.7236
654028,0.2171,0.7829
654201,0.4665,0.5335
654202,0.4405,0.5595
654221,0.4225,0.5775
654223,0.3749,0.6251
654224,0.4289,0.5711
654225,0.3596,0.6404
654226,0.5512,0.4488
654301,0.593,0.407
654321,0.2913,0.7087
654322,0.2327,0.7673
654323,0.3603,0.6397
654324,0.2373,0.7627
654325,0.2365,0.7635
654326,0.385,0.615
659001,0.8254,0.1746
710000,0,1
810000,0,1
820000,0,1
